<ImportExportXml xmlns:xsi="http://www.w3.org/2001/XMLSchema-instance">
  <Entities></Entities>
  <Roles></Roles>
  <Workflows></Workflows>
  <FieldSecurityProfiles></FieldSecurityProfiles>
  <Templates />
  <SiteMap>
    <SiteMap solutionaction="Modified">
      <Area Id="SFA" ResourceId="Area_Sales" DescriptionResourceId="Sales_Description" Icon="/_imgs/sales_24x24.gif" ShowGroups="true" IntroducedVersion="7.0.0.0" ordinalvalue="0">
        <Group Id="MyWork" ResourceId="Group_MyWork" DescriptionResourceId="My_Work_Description" IsProfile="false" ordinalvalue="0" solutionaction="Modified" />
      </Area>
      <Area Id="HLP" ResourceId="Area_Help" ShowGroups="true" Icon="/_imgs/icn_help16.png" DescriptionResourceId="Help_Area_Description" IntroducedVersion="7.0.0.0" ordinalvalue="5" solutionaction="Modified" />
      <Area Id="Angular" Icon="$webresource:ang_/AngularHelloWorld/AngularHelloWorld/favicon.ico" ResourceId="Area_Angular" DescriptionResourceId="Angular_Description" Description="Angular" Title="Angular" ShowGroups="true" ordinalvalue="4" solutionaction="Added">
        <Group Id="Apps" ResourceId="Group_Apps" DescriptionResourceId="Group_Apps_Description" Description="Apps" Title="Apps" IsProfile="false" ordinalvalue="0">
          <SubArea GetStartedPanePath="$webresource:ang_/AngularHelloWorld/AngularHelloWorld/index.html" GetStartedPanePathAdmin="$webresource:ang_/AngularHelloWorld/AngularHelloWorld/index.html" GetStartedPanePathAdminOutlook="$webresource:ang_/AngularHelloWorld/AngularHelloWorld/index.html" GetStartedPanePathOutlook="$webresource:ang_/AngularHelloWorld/AngularHelloWorld/index.html" Icon="$webresource:ang_/AngularHelloWorld/AngularHelloWorld/favicon.ico" Id="AngularHelloWorld_Index" Url="$webresource:ang_/AngularHelloWorld/AngularHelloWorld/index.html" ResourceId="AngularHelloWorld_Index" DescriptionResourceId="AngularHelloWorld_Index_Description" Title="AngularHelloWorld" AvailableOffline="true" PassParams="false" ordinalvalue="0" />
        </Group>
      </Area>
    </SiteMap>
  </SiteMap>
  <EntityMaps />
  <EntityRelationships />
  <OrganizationSettings />
  <optionsets />
  <WebResources>
    <WebResource>
      <WebResourceId>{da774f4a-04bc-4915-960a-2387c47ab244}</WebResourceId>
      <Name>ang_/AngularHelloWorld/AngularHelloWorld/polyfills.js</Name>
      <DisplayName>AngularHelloWorld: ang_/AngularHelloWorld/AngularHelloWorld/polyfills.js</DisplayName>
      <Description>Imported as part of the AngularHelloWorld application.</Description>
      <WebResourceType>3</WebResourceType>
      <IntroducedVersion>1.0</IntroducedVersion>
      <IsEnabledForMobileClient>0</IsEnabledForMobileClient>
      <IsAvailableForMobileOffline>0</IsAvailableForMobileOffline>
      <IsCustomizable>1</IsCustomizable>
      <CanBeDeleted>1</CanBeDeleted>
      <IsHidden>0</IsHidden>
      <FileName>/WebResources/ang_AngularHelloWorldAngularHelloWorldpolyfillsjsDA774F4A-04BC-4915-960A-2387C47AB244</FileName>
    </WebResource>
    <WebResource>
      <WebResourceId>{9c336d20-2b30-41ff-a064-2ee6eb8e5f21}</WebResourceId>
      <Name>ang_/AngularHelloWorld/AngularHelloWorld/favicon.ico</Name>
      <DisplayName>AngularHelloWorld: ang_/AngularHelloWorld/AngularHelloWorld/favicon.ico</DisplayName>
      <Description>Imported as part of the AngularHelloWorld application.</Description>
      <WebResourceType>10</WebResourceType>
      <IntroducedVersion>1.0</IntroducedVersion>
      <IsEnabledForMobileClient>0</IsEnabledForMobileClient>
      <IsAvailableForMobileOffline>0</IsAvailableForMobileOffline>
      <IsCustomizable>1</IsCustomizable>
      <CanBeDeleted>1</CanBeDeleted>
      <IsHidden>0</IsHidden>
      <FileName>/WebResources/ang_AngularHelloWorldAngularHelloWorldfaviconico9C336D20-2B30-41FF-A064-2EE6EB8E5F21</FileName>
    </WebResource>
    <WebResource>
      <WebResourceId>{2ca14efa-7029-4c1d-94c8-88feccf83f41}</WebResourceId>
      <Name>ang_/AngularHelloWorld/AngularHelloWorld/styles.css</Name>
      <DisplayName>AngularHelloWorld: ang_/AngularHelloWorld/AngularHelloWorld/styles.css</DisplayName>
      <Description>Imported as part of the AngularHelloWorld application.</Description>
      <WebResourceType>2</WebResourceType>
      <IntroducedVersion>1.0</IntroducedVersion>
      <IsEnabledForMobileClient>0</IsEnabledForMobileClient>
      <IsAvailableForMobileOffline>0</IsAvailableForMobileOffline>
      <IsCustomizable>1</IsCustomizable>
      <CanBeDeleted>1</CanBeDeleted>
      <IsHidden>0</IsHidden>
      <FileName>/WebResources/ang_AngularHelloWorldAngularHelloWorldstylescss2CA14EFA-7029-4C1D-94C8-88FECCF83F41</FileName>
    </WebResource>
    <WebResource>
      <WebResourceId>{dba818a3-2c93-4b6e-9ad1-91436fe394d1}</WebResourceId>
      <Name>ang_/AngularHelloWorld/AngularHelloWorld/runtime.js</Name>
      <DisplayName>AngularHelloWorld: ang_/AngularHelloWorld/AngularHelloWorld/runtime.js</DisplayName>
      <Description>Imported as part of the AngularHelloWorld application.</Description>
      <WebResourceType>3</WebResourceType>
      <IntroducedVersion>1.0</IntroducedVersion>
      <IsEnabledForMobileClient>0</IsEnabledForMobileClient>
      <IsAvailableForMobileOffline>0</IsAvailableForMobileOffline>
      <IsCustomizable>1</IsCustomizable>
      <CanBeDeleted>1</CanBeDeleted>
      <IsHidden>0</IsHidden>
      <FileName>/WebResources/ang_AngularHelloWorldAngularHelloWorldruntimejsDBA818A3-2C93-4B6E-9AD1-91436FE394D1</FileName>
    </WebResource>
    <WebResource>
      <WebResourceId>{1a54956c-90a2-4018-8f46-b6c7afb9e726}</WebResourceId>
      <Name>ang_/AngularHelloWorld/AngularHelloWorld/main.js</Name>
      <DisplayName>AngularHelloWorld: ang_/AngularHelloWorld/AngularHelloWorld/main.js</DisplayName>
      <Description>Imported as part of the AngularHelloWorld application.</Description>
      <WebResourceType>3</WebResourceType>
      <IntroducedVersion>1.0</IntroducedVersion>
      <IsEnabledForMobileClient>0</IsEnabledForMobileClient>
      <IsAvailableForMobileOffline>0</IsAvailableForMobileOffline>
      <IsCustomizable>1</IsCustomizable>
      <CanBeDeleted>1</CanBeDeleted>
      <IsHidden>0</IsHidden>
      <FileName>/WebResources/ang_AngularHelloWorldAngularHelloWorldmainjs1A54956C-90A2-4018-8F46-B6C7AFB9E726</FileName>
    </WebResource>
    <WebResource>
      <WebResourceId>{e82b4cfe-85a8-404c-b2f9-d8549c295b05}</WebResourceId>
      <Name>ang_/AngularHelloWorld/AngularHelloWorld/es2015_polyfills.js</Name>
      <DisplayName>AngularHelloWorld: ang_/AngularHelloWorld/AngularHelloWorld/es2015_polyfills.js</DisplayName>
      <Description>Imported as part of the AngularHelloWorld application.</Description>
      <WebResourceType>3</WebResourceType>
      <IntroducedVersion>1.0</IntroducedVersion>
      <IsEnabledForMobileClient>0</IsEnabledForMobileClient>
      <IsAvailableForMobileOffline>0</IsAvailableForMobileOffline>
      <IsCustomizable>1</IsCustomizable>
      <CanBeDeleted>1</CanBeDeleted>
      <IsHidden>0</IsHidden>
      <FileName>/WebResources/ang_AngularHelloWorldAngularHelloWorldes2015_polyfE82B4CFE-85A8-404C-B2F9-D8549C295B05</FileName>
    </WebResource>
    <WebResource>
      <WebResourceId>{6363b762-7ca1-4ec0-9fdf-f4320d820793}</WebResourceId>
      <Name>ang_/AngularHelloWorld/AngularHelloWorld/index.html</Name>
      <DisplayName>AngularHelloWorld: ang_/AngularHelloWorld/AngularHelloWorld/index.html</DisplayName>
      <Description>Imported as part of the AngularHelloWorld application.</Description>
      <WebResourceType>1</WebResourceType>
      <IntroducedVersion>1.0</IntroducedVersion>
      <IsEnabledForMobileClient>0</IsEnabledForMobileClient>
      <IsAvailableForMobileOffline>0</IsAvailableForMobileOffline>
      <IsCustomizable>1</IsCustomizable>
      <CanBeDeleted>1</CanBeDeleted>
      <IsHidden>0</IsHidden>
      <FileName>/WebResources/ang_AngularHelloWorldAngularHelloWorldindexhtml6363B762-7CA1-4EC0-9FDF-F4320D820793</FileName>
    </WebResource>
  </WebResources>
  <Languages>
    <Language>1033</Language>
  </Languages>
</ImportExportXml>